GEOID,NAME,racial_majority,total_filings_12months,eviction_rate_12months,SVI_numeric,ALAND,AWATER,estimated_population,SVI_normalized,eviction_rate_normalized
39049000110,1.10,White,4,2.0404290614230356,0.022,1960372,17783,1960.372,0.022,0.005313696938660345
39049000120,1.20,White,5,1.735162796443888,0.088,2881574,69431,2881.574,0.088,0.004518720799394472
39049000210,2.10,White,6,3.515624313354626,0.045,1706667,7613,1706.667,0.045,0.0091554087836427309
39049000220,2.20,White,6,3.084344484266759,0.03,1945308,10295,1945.308,0.03,0.008032267405754355
39049000310,3.10,White,94,50.96873122561363,0.71,1844268,284,1844.268,0.71,0.13273305904203364
39049000320,3.20,White,11,8.622825088344763,0.282,1275684,0,1275.684,0.282,0.022455610018897718
39049000330,3.30,White,74,92.9845658186223,0.688,795831,0,795.831,0.688,0.24215093387686082
39049000410,4.10,White,5,6.456119691294181,0.031,774459,21835,774.459,0.031,0.01681306353053464
39049000420,4.20,White,4,2.7312069066760256,0.033,1464554,1775,1464.554,0.033,0.007112624522575105
39049000500,5,White,14,11.091024034249083,0.171,1262282,48380,1262.282,0.171,0.0288833077177874
39049000600,6,White,32,32.5287549110796,0.21,983745,12989,983.745,0.21,0.08471156809974505
39049000710,7.10,Other,87,66.42311524410495,0.758,1309785,335,1309.785,0.758,0.17297945358743708
39049000720,7.20,Black,82,37.50074887166192,0.842,2186623,761,2186.623,0.842,0.09765966298178833
39049000730,7.30,Black,159,152.4280640197869,0.868,1043115,0,1043.115,0.868,0.3969540291604085
39049000810,8.10,White,48,48.27458584428228,0.496,994312,0,994.312,0.496,0.1257169503540393
39049000820,8.20,Other,131,90.52168823639568,0.844,1447167,730,1447.167,0.844,0.23573709410345273
39049000910,9.10,Black,107,83.42878261811995,0.838,1282531,3900,1282.531,0.838,0.21726570904890297
39049000920,9.20,Black,72,78.65465580941103,0.877,915394,0,915.394,0.877,0.20483290092641887
39049001000,10,White,41,45.85806593047693,0.363,894063,0,894.063,0.363,0.11942383548375614
39049001110,11.10,White,11,20.78067321824619,0.505,529338,19421,529.338,0.505,0.05411714709948562
39049001121,11.21,White,0,0,0.283,900552,2724,900.552,0.283,0
39049001122,11.22,White,11,1.8183143597739932,0.446,6049559,209776,6049.559,0.446,0.0047352645724006515
39049001200,12,White,31,46.18669257094499,0.479,671189,0,671.189,0.479,0.12027964684541137
39049001301,13.01,White,26,71.05941386915775,0.423,365891,0,365.891,0.423,0.18505332877204
39049001302,13.02,White,23,72.29544318678313,0.378,318139,0,318.139,0.378,0.18827220333393233
39049001400,14,Black,66,35.58423381213897,0.873,1854754,0,1854.754,0.873,0.09266866358993435
39049001500,15,Black,79,60.206026547047195,0.957,1312161,0,1312.161,0.957,0.15678887592829716
39049001600,16,Other,91,185.64419555881963,0.465,490185,0,490.185,0.465,0.4834556673746784
39049001700,17,White,86,167.591668745323,0.616,513152,0,513.152,0.616,0.4364431746212864
39049001810,18.10,White,38,96.19887852360037,0.439,395015,0,395.015,0.439,0.25052166526039993
39049001820,18.20,White,48,54.67113603203728,0.389,877977,31838,877.977,0.389,0.1423748826454742
39049001901,19.01,White,44,25.525062130321686,0.435,1723796,58279,1723.796,0.435,0.06647251162283127
39049001902,19.02,White,32,28.84889310403271,0.168,1109228,0,1109.228,0.168,0.07512845110318499
39049002000,20,White,16,23.002254220913652,0.048,695584,6741,695.584,0.048,0.05990260095134713
39049002100,21,White,26,49.852933845156784,0.066,521534,3515,521.534,0.066,0.12982729317308264
39049002200,22,White,71,68.03216484097722,0.049,1043624,0,1043.624,0.049,0.17716974967697124
39049002300,23,Black,57,22.159217476391685,0.646,2572293,80,2572.293,0.646,0.05770715987807583
39049002510,25.10,Black,59,11.952962055423251,0.947,4936015,17613,4936.015,0.947,0.031127971602957657
39049002520,25.20,Black,41,26.104041797027705,0.642,1570638,25707,1570.638,0.642,0.06798029375585811
39049002600,26,Other,162,45.417996965404946,0.999,3566868,21400,3566.868,0.999,0.11827780538807048
39049002710,27.10,Black,208,246.91680446919415,0.731,842389,0,842.389,0.731,0.6430221431450837
39049002730,27.30,Black,165,177.2512520383894,0.95,930882,0,930.882,0.95,0.46159871623923626
39049002740,27.40,White,20,14.194313048477127,0.12,1409015,0,1409.015,0.12,0.03696491057595363
39049002750,27.50,Black,96,102.62451507244116,0.902,935449,0,935.449,0.902,0.26725534441840343
39049002760,27.60,White,123,93.7898177808719,0.588,1311443,0,1311.443,0.588,0.24424797560575667
39049002770,27.70,Black,86,97.9094064754549,0.889,878363,0,878.363,0.889,0.2549762318577426
39049002780,27.80,White,15,8.67640313345407,0.366,1728827,41712,1728.827,0.366,0.022595138267960283
39049002800,28,Black,96,84.04303003137608,0.681,1142272,0,1142.272,0.681,0.21886533564759628
39049002900,29,Black,111,123.76955224413155,0.945,896828,0,896.828,0.945,0.32232137019276164
39049003000,30,White,103,29.218457327861447,0.318,3525169,21265,3525.169,0.318,0.07609087235169806
39049003200,32,White,36,23.708527364579854,0.215,1518441,138984,1518.441,0.215,0.06174188147930617
39049003600,36,Other,86,98.60248180153613,0.655,872189,0,872.189,0.655,0.2567811425542656
39049003700,37,Other,78,37.30238701800415,0.49,2091019,40588,2091.019,0.49,0.09714308791703544
39049003800,38,White,60,80.03671017106514,0.24,749656,0,749.656,0.24,0.2084320547364817
39049004001,40.01,White,53,68.30865199963912,0.53,775890,690,775.89,0.53,0.17788977910428005
39049004002,40.02,White,193,152.03230962285747,0.309,1269467,73669,1269.467,0.309,0.3959234033145099
39049004200,42,White,108,90.92524008893837,0.575,1187789,173215,1187.789,0.575,0.2367880261275003
39049004301,43.01,White,72,27.59835651786936,0.07,2608851,1093586,2608.851,0.07,0.07187179663025534
39049004302,43.02,Other,68,26.947587338913863,0.654,2523417,200201,2523.417,0.654,0.07017705984211203
39049004500,45,White,136,53.66203963099456,0.823,2534380,12005,2534.38,0.823,0.13974698807250913
39049004610,46.10,White,23,15.455919381924502,0.435,1488103,2655,1488.103,0.435,0.0402503929475674
39049004620,46.20,White,79,106.78547339081726,0.876,739801,0,739.801,0.876,0.2780913356793926
39049004700,47,Other,161,121.29019621137643,0.861,1327395,0,1327.395,0.861,0.3158646171449925
39049004810,48.10,White,39,49.36665118157181,0.419,790007,0,790.007,0.419,0.1285609131015241
39049004820,48.20,White,71,83.90282870705741,0.833,846217,0,846.217,0.833,0.2185002225633371
39049004900,49,White,215,88.41791157715346,0.841,2431634,0,2431.634,0.841,0.2302584269911327
39049005001,50.01,White,53,73.0225694851082,0.846,725803,0,725.803,0.846,0.19016578976556975
39049005002,50.02,White,182,128.34987894913888,0.94,1417999,0,1417.999,0.94,0.33424948298561097
39049005100,51,Black,114,28.529592319633537,1,3995851,236573,3995.851,1,0.07429692618881699
39049005200,52,White,25,22.913601972402855,0.012,1091055,0,1091.055,0.012,0.059671732262783835
39049005300,53,Other,84,57.137998469517896,0.912,1470125,0,1470.125,0.912,0.14879909980154385
39049005410,54.10,Black,68,67.98320814758755,0.982,1000247,12322,1000.247,0.982,0.1770422563782774
39049005420,54.20,Black,81,85.41843962656323,0.846,948273,0,948.273,0.846,0.22244718511912503
39049005500,55,Black,169,114.12749864937871,0.629,1480800,0,1480.8,0.629,0.29721147951461924
39049005610,56.10,Black,44,69.60439393555899,0.345,632144,0,632.144,0.345,0.18126415760552986
39049005620,56.20,White,71,97.86043998605145,0.651,725523,0,725.523,0.651,0.2548487130482141
39049005700,57,White,17,8.25253534876428,0.006,2059973,219764,2059.973,0.006,0.021491299378147533
39049005810,58.10,White,13,14.102735171245174,0.039,921807,49227,921.807,0.039,0.03672642294847538
39049005820,58.20,White,49,64.27266300006427,0.536,762377,0,762.377,0.536,0.16737923365235885
39049005900,59,Black,84,107.58100273178903,0.747,780807,0,780.807,0.747,0.28016305770279293
39049006000,60,White,168,173.45946314296157,0.731,968526,0,968.526,0.731,0.45172411808406726
39049006100,61,White,143,135.51792011265994,0.818,1055211,0,1055.211,0.818,0.3529165364533896
39049006236,62.36,White,0,0,0.005,6512296,138518,6512.296,0.005,0
39049006237,62.37,White,75,17.034749753847866,0.292,4402765,167927,4402.765,0.292,0.04436199196003304
39049006238,62.38,White,16,3.2828384898860876,0.179,4873831,179385,4873.831,0.179,0.008549186621395333
39049006239,62.39,Other,65,10.455487691397757,0.172,6216831,62123,6216.831,0.172,0.027228240367854015
39049006240,62.40,White,19,1.2241735620390222,0.19,15520675,50101,15520.675,0.19,0.0031879997359276213
39049006241,62.41,White,85,9.780328078228816,0.246,8690915,33139,8690.915,0.246,0.02546998587254662
39049006301,63.01,White,9,5.187648784649171,0.352,1734890,260437,1734.89,0.352,0.013509704398451651
39049006302,63.02,White,47,24.387510273887308,0.506,1927216,6374,1927.216,0.506,0.06351009262410993
39049006310,63.10,White,2,0.4775285794885717,0.021,4188231,161516,4188.231,0.021,0.0012435826360861495
39049006321,63.21,White,1,0.23018678737047968,0.074,4344298,38312,4344.298,0.074,5.994537376945286e-4
39049006323,63.23,White,4,1.719537427236699,0.022,2326207,0,2326.207,0.022,0.004478029124250533
39049006330,63.30,White,2,0.7026957517122939,0.033,2846182,151941,2846.182,0.033,0.0018299642635354065
39049006340,63.40,White,3,0.9150099141324196,0.243,3278653,106553,3278.653,0.243,0.002382874009929259
39049006351,63.51,White,13,5.698045658001546,0.262,2281484,15132,2281.484,0.262,0.014838882831904692
39049006352,63.52,White,123,149.36265860674996,0.281,823499,0,823.499,0.281,0.38897108299140665
39049006353,63.53,White,51,29.32274801295261,0.369,1739264,0,1739.264,0.369,0.07636246674553267
39049006372,63.72,White,129,57.402982285172676,0.814,2247270,60203,2247.27,0.814,0.1494891721577263
39049006384,63.84,White,75,30.49944674003613,0.192,2459061,13035,2459.061,0.192,0.07942683224690841
39049006386,63.86,White,40,9.233316205531771,0.457,4332138,47096,4332.138,0.457,0.024045454450055515
39049006387,63.87,White,90,23.31738510552801,0.492,3859781,48699,3859.781,0.492,0.0607232665890365
39049006391,63.91,White,4,0.6133882724762715,0.004,6521155,116491,6521.155,0.004,0.001597389219399855
39049006392,63.92,White,1,0.24240396863777453,0.02,4125345,61839,4125.345,0.02,6.312697904681584e-4
39049006393,63.93,White,12,4.961373638981512,0.077,2418685,6131,2418.685,0.077,0.012920437380273321
39049006394,63.94,White,2,1.9531822221354143,0.014,1023970,0,1023.97,0.014,0.0050864882247699935
39049006395,63.95,White,75,41.487073734146406,0.218,1807792,25859,1807.792,0.218,0.10804087280611646
39049006396,63.96,White,120,14.148192173479474,0.413,8481649,32573,8481.649,0.413,0.036844802331606016
39049006397,63.97,White,52,22.533687863355716,0.558,2307656,15523,2307.656,0.558,0.058682357784462236
39049006398,63.98,White,7,1.0512106267182602,0.062,6658989,160711,6658.989,0.062,0.0027375686784153054
39049006410,64.10,White,5,2.288618608117089,0.032,2184724,75222,2184.724,0.032,0.00596003356432864
39049006430,64.30,White,10,3.8723368003655487,0.246,2582420,0,2582.42,0.246,0.01008436146621721
39049006500,65,White,10,4.110900587324367,0.009,2432557,28836,2432.557,0.009,0.010705630633768767
39049006600,66,White,3,1.4091658724451237,0.04,2128919,26973,2128.919,0.04,0.003669757760288952
39049006710,67.10,White,10,5.8055455732424734,0.154,1722491,2336,1722.491,0.154,0.015118834721103713
39049006721,67.21,White,0,0,0.024,2825391,36968,2825.391,0.024,0
39049006722,67.22,White,20,5.100329863833943,0.357,3921315,9742,3921.315,0.357,0.013282307969438134
39049006810,68.10,White,2,1.180781831073809,0.01,1693793,12227,1693.793,0.01,0.003074998743953795
39049006821,68.21,White,38,25.391802189842476,0.729,1496546,31677,1496.546,0.729,0.06612547532975055
39049006822,68.22,White,2,1.7956335578773095,0.036,1113813,0,1113.813,0.036,0.004676199099415907
39049006910,69.10,White,0,0,0.016,1778042,45561,1778.042,0.016,0
39049006921,69.21,White,286,106.70877310282248,0.916,2680192,109256,2680.192,0.916,0.2778915923542177
39049006923,69.23,Other,58,31.768149472429627,0.601,1825728,0,1825.728,0.601,0.08273079510092093
39049006924,69.24,Other,160,96.9060913352024,0.605,1651083,0,1651.083,0.605,0.2523633928769289
39049006931,69.31,Other,116,57.40772450626883,0.725,2020634,1207,2020.634,0.725,0.14950152187681112
39049006932,69.32,Other,49,19.160578946668682,0.802,2557334,2107,2557.334,0.802,0.04989808840541924
39049006933,69.33,Other,325,214.84322063869914,0.962,1512731,0,1512.731,0.962,0.559495934155928
39049006943,69.43,Other,73,39.257506115835454,0.749,1859517,0,1859.517,0.749,0.10223462016448204
39049006944,69.44,White,32,12.511475368814834,0.339,2557652,0,2557.652,0.339,0.032582455142561875
39049006945,69.45,Black,269,136.70394093576644,0.932,1967756,511,1967.756,0.932,0.3560051786101197
39049006950,69.50,White,1,0.24233576783845703,0.025,4126506,258098,4126.506,0.025,6.310921815596209e-4
39049006991,69.91,White,14,2.0008543648137755,0.028,6997011,108904,6997.011,0.028,0.005210636289213224
39049006992,69.92,Black,216,233.73082000562687,0.821,924140,0,924.14,0.821,0.6086831275909655
39049007010,70.10,White,4,1.4584796370719273,0.19,2742582,111788,2742.582,0.19,0.0037981809459244832
39049007020,70.20,White,8,1.804968627389045,0.133,4432210,11373,4432.21,0.133,0.004700509540403302
39049007041,70.41,White,48,12.718429083231785,0.38,3774051,67425,3774.051,0.38,0.03312140517985197
39049007043,70.43,White,244,93.75939034877726,0.812,2602406,4220,2602.406,0.812,0.2441687363144579
39049007044,70.44,White,105,47.498631587042375,0.276,2210590,36367,2210.59,0.276,0.1236962058747578
39049007047,70.47,White,38,16.291260296183683,0.268,2332539,18102,2332.539,0.268,0.042425792496004075
39049007048,70.48,White,53,18.52792490387328,0.068,2860547,49277,2860.547,0.068,0.048250527157644975
39049007101,71.01,White,17,8.232732569852315,0.54,2064928,9690,2064.928,0.54,0.0214397288689488
39049007102,71.02,White,9,3.193038324974668,0.206,2818632,15816,2818.632,0.206,0.008315328522428533
39049007103,71.03,White,13,8.825214588487032,0.298,1473052,5899,1473.052,0.298,0.022982673903477437
39049007112,71.12,Other,61,15.416482595549338,0.627,3956804,32802,3956.804,0.627,0.04014769144473438
39049007113,71.13,Other,55,20.91623769364633,0.613,2629536,49532,2629.536,0.613,0.05447018487548281
39049007114,71.14,White,50,12.010935716751389,0.53,4162873,74871,4162.873,0.53,0.031278946940716965
39049007115,71.15,Other,182,103.3487258578512,0.839,1761028,6123,1761.028,0.839,0.26914133825476566
39049007120,71.20,White,39,11.555685664016366,0.131,3374962,50541,3374.962,0.131,0.030093382170405397
39049007193,71.93,White,17,3.7570920637839307,0.074,4524776,30979,4524.776,0.074,0.009784240469340516
39049007198,71.98,White,5,3.26731825705561,0.289,1530307,11018,1530.307,0.289,0.008508768743000146
39049007199,71.99,Other,173,49.090325063079646,0.474,3524116,50459,3524.116,0.474,0.12784130305593902
39049007202,72.02,Other,68,17.879116140635023,0.553,3803320,192546,3803.32,0.553,0.04656089569523543
39049007205,72.05,White,76,14.107147497651903,0.016,5387340,36515,5387.34,0.016,0.03673791355393826
39049007209,72.09,White,170,29.757174454761042,0.296,5712908,61933,5712.908,0.296,0.07749380255012106
39049007211,72.11,White,2,0.11726675583630779,0.014,17055132,317180,17055.132,0.014,3.053867508922082e-4
39049007212,72.12,White,18,2.622591968836614,0.24,6863439,94052,6863.439,0.24,0.006829768885198742
39049007213,72.13,White,5,0.18950370079882253,0.042,26384709,242738,26384.709,0.042,4.93506612818596e-4
39049007214,72.14,White,59,27.211750310513743,0.36,2168181,15642,2168.181,0.36,0.07086499455154945
39049007215,72.15,White,73,13.445546549495177,0.098,5429307,32929,5429.307,0.098,0.03501496861098427
39049007301,73.01,White,137,49.72740669759204,0.316,2755020,26284,2755.02,0.316,0.12950039466318378
39049007302,73.02,White,49,22.236935913604512,0.184,2203541,17849,2203.541,0.184,0.05790955467322114
39049007303,73.03,White,87,7.295478187149141,0.318,11925195,214890,11925.195,0.318,0.01899892568775783
39049007305,73.05,White,11,3.315545931764859,0.331,3317704,19524,3317.704,0.331,0.008634363527110169
39049007306,73.06,White,2,0.305435934965359,0.003,6548018,84525,6548.018,0.003,7.954179948066316e-4
39049007394,73.94,White,5,0.28414215154482975,0.018,17596826,290288,17596.826,0.018,7.399646032070969e-4
39049007397,73.97,White,96,29.135415645536106,0.256,3294959,42344,3294.959,0.256,0.07587461473142794
39049007398,73.98,Other,58,10.680581377190991,0.321,5430416,30912,5430.416,0.321,0.027814430621524052
39049007424,74.24,White,160,36.60466142060861,0.426,4371028,21415,4371.028,0.426,0.09532606695757118
39049007425,74.25,White,21,8.419513063475913,0.159,2494206,26075,2494.206,0.159,0.021926143690190854
39049007426,74.26,White,16,5.857516639923443,0.057,2731533,68090,2731.533,0.057,0.015254178067825593
39049007427,74.27,White,56,7.788138164908819,0.267,7190422,66804,7190.422,0.267,0.0202819135970735
39049007492,74.92,White,37,5.982350449323025,0.115,6184860,195291,6184.86,0.115,0.015579270982540918
39049007494,74.94,White,26,9.0767607694021,0.216,2864458,27479,2864.458,0.216,0.023637751895028827
39049007511,75.11,Black,56,32.68494572256201,0.949,1713327,2137,1713.327,0.949,0.08511832109719654
39049007512,75.12,Black,95,48.088677546181586,0.928,1975517,13400,1975.517,0.928,0.12523280690932662
39049007520,75.20,Black,83,32.69469692015955,0.757,2538638,30913,2538.638,0.757,0.085143715221306
39049007531,75.31,Black,111,57.83277159129216,0.949,1919327,2355,1919.327,0.949,0.15060843190724355
39049007532,75.32,Black,76,90.1374239910242,0.846,843157,12935,843.157,0.846,0.23473639097543367
39049007533,75.33,Black,44,20.813603771425004,0.955,2114002,18586,2114.002,0.955,0.05420290503291391
39049007534,75.34,Black,27,11.717356529648818,0.958,2304274,14767,2304.274,0.958,0.030514406355966937
39049007550,75.50,Black,111,18.267972393308458,0.57,6076208,68583,6076.208,0.57,0.0475735573547242
39049007552,75.52,Black,18,11.978813471906022,0.88,1502653,13158,1502.653,0.88,0.03119529400843679
39049007553,75.53,Black,348,258.68239971039463,0.724,1345279,19245,1345.279,0.724,0.6736621730273683
39049007710,77.10,Other,142,69.7652938298002,0.919,2035396,0,2035.396,0.919,0.18168317402302
39049007721,77.21,Black,301,140.0201889574776,0.987,2149690,15318,2149.69,0.987,0.36464137052385154
39049007722,77.22,White,106,59.13756233852237,0.886,1792431,0,1792.431,0.886,0.15400637537424852
39049007730,77.30,White,37,25.537812527608445,0.617,1448832,1038,1448.832,0.617,0.06650571627978813
39049007740,77.40,White,3,1.6990650045280085,0.396,1765677,2942,1765.677,0.396,0.0044247147248769715
39049007811,78.11,White,52,23.702904152748808,0.152,2193824,2283,2193.824,0.152,0.06172723747915101
39049007812,78.12,White,140,33.660076504545316,0.387,4159230,86246,4159.23,0.387,0.08765776221229438
39049007820,78.20,Other,78,38.73234016330151,0.595,2013821,85170,2013.821,0.595,0.10086698001122815
39049007830,78.30,White,64,57.03154379042334,0.134,1122186,0,1122.186,0.134,0.14852186992224764
39049007922,79.22,White,42,5.307660432566743,0.225,7913091,48148,7913.091,0.225,0.013822239412875742
39049007931,79.31,White,10,2.438693679588817,0.229,4100556,101458,4100.556,0.229,0.006350859916945081
39049007941,79.41,White,42,5.588818636847215,0.162,7515005,246662,7515.005,0.162,0.014554433203686802
39049007955,79.55,White,5,3.4935034809268686,0.193,1431228,6045,1431.228,0.193,0.009097801586326096
39049007956,79.56,White,10,2.4414914876178537,0.128,4095857,9118,4095.857,0.128,0.006358145984488387
39049007957,79.57,White,37,8.63307203901962,0.269,4285844,136226,4285.844,0.269,0.022482295185983908
39049007958,79.58,White,1,0.25380343482340484,0.223,3940057,84281,3940.057,0.223,6.609563449865992e-4
39049007959,79.59,White,20,5.545667322626683,0.093,3606419,48971,3606.419,0.093,0.014442058306363541
39049007960,79.60,White,10,6.519580582341977,0.217,1533841,25721,1533.841,0.217,0.0169783287430631
39049007961,79.61,White,2,0.30431270443156894,0.024,6572187,88380,6572.187,0.024,7.924928714775964e-4
39049007962,79.62,White,20,6.111143364367756,0.24,3272710,30376,3272.71,0.24,0.015914674222640347
39049007963,79.63,White,2,0.6721938929840434,0.028,2975332,428992,2975.332,0.028,0.0017505311499751053
39049007964,79.64,White,39,15.284928707565218,0.042,2551533,13532,2551.533,0.042,0.0398050980632411
39049007965,79.65,White,231,47.896970506248174,0.197,4822852,23100,4822.852,0.197,0.12473356234823252
39049007966,79.66,White,96,30.26000912843609,0.824,3172504,24115,3172.504,0.824,0.07880328746026831
39049008001,80.01,White,23,0.469117562533677,0.096,49028222,507313,49028.222,0.096,0.0012216786180101308
39049008002,80.02,White,1,0.11447714624043315,0.025,8735368,91128,8735.368,0.025,2.9812203375505935e-4
39049008110,81.10,White,30,14.579831136395777,0.547,2057637,0,2057.637,0.547,0.03796887896784804
39049008120,81.20,White,95,47.14710392710562,0.763,2014970,351,2014.97,0.763,0.12278075554826731
39049008132,81.32,White,199,75.1137841720536,0.452,2649314,8943,2649.314,0.452,0.1956117429183608
39049008163,81.63,Other,95,105.20860096924808,0.882,902968,8755,902.968,0.882,0.27398483557234826
39049008164,81.64,White,163,125.53380748658985,0.662,1298455,0,1298.455,0.662,0.3269158537051304
39049008165,81.65,White,13,9.801134971429692,0.207,1326377,15688,1326.377,0.207,0.025524171301873635
39049008166,81.66,White,77,10.854882624885425,0.059,7093582,56349,7093.582,0.059,0.028268346919713146
39049008167,81.67,White,98,13.252978809839227,0.577,7394564,85948,7394.564,0.577,0.03451348261078933
39049008168,81.68,White,118,11.637258754941522,0.255,10139845,61407,10139.845,0.255,0.030305815276618738
39049008169,81.69,White,130,55.18384284999927,0.735,2355762,5126,2355.762,0.735,0.1437100766497857
39049008170,81.70,White,90,2.698087919053525,0.177,33356956,249670,33356.956,0.177,0.007026375867099439
39049008171,81.71,White,192,141.97497543167418,0.294,1352351,27696,1352.351,0.294,0.3697320365509414
39049008172,81.72,White,109,16.121949383291064,0.175,6760969,36774,6760.969,0.175,0.04198487205601982
39049008210,82.10,White,81,10.849713386738033,0.832,7465635,10360,7465.635,0.832,0.028254885160400697
39049008230,82.30,Black,217,194.16676509221577,0.984,1117596,0,1117.596,0.984,0.505650191308553
39049008241,82.41,White,69,17.107698166649808,0.938,4033272,351898,4033.272,0.938,0.04455196463054356
39049008242,82.42,White,181,33.613776225477494,0.421,5384697,107945,5384.697,0.421,0.08753718676284934
39049008311,83.11,White,134,53.79920770629487,0.953,2490743,0,2490.743,0.953,0.14010420195246476
39049008312,83.12,Other,99,65.10236854253553,0.945,1520682,0,1520.682,0.945,0.16953995753361167
39049008321,83.21,White,23,20.848932262725555,0.787,1103174,0,1103.174,0.787,0.05429490769040414
39049008322,83.22,White,111,66.22394073016966,0.611,1676131,2425,1676.131,0.611,0.17246076218817863
39049008330,83.30,White,36,22.83478651377509,0.745,1576542,0,1576.542,0.745,0.059466480598245504
39049008340,83.40,White,125,15.264239245580239,0.708,8189075,430198,8189.075,0.708,0.039751218448952796
39049008350,83.50,Other,225,50.16846570784695,0.79,4484889,38882,4484.889,0.79,0.1306490030401521
39049008360,83.60,White,44,10.46798307898117,0.265,4203293,16288,4203.293,0.265,0.027260780927094556
39049008380,83.80,White,46,4.577586761937525,0.561,10048963,1543953,10048.963,0.561,0.011920977417561172
39049008381,83.81,White,59,17.16607831630449,0.483,3437011,16372,3437.011,0.483,0.04470399854750918
39049008382,83.82,White,26,7.985925114137298,0.206,3255728,36363,3255.728,0.206,0.020796991492449762
39049008400,84,White,10,4.561234342992963,0.049,2192389,653,2192.389,0.049,0.011878392355366063
39049008500,85,White,27,8.739872268385293,0.097,3089290,46816,3089.29,0.097,0.02276042494925674
39049008710,87.10,Black,90,57.142276649888,0.72,1575016,0,1575.016,0.72,0.14881024106313703
39049008720,87.20,Other,148,52.00292059645944,0.783,2845994,986,2845.994,0.783,0.1354263008693314
39049008730,87.30,Black,312,66.9138619142383,0.944,4662711,93440,4662.711,0.944,0.1742574588501766
39049008811,88.11,White,30,5.744447895368328,0.369,5222434,2858,5222.434,0.369,0.01495972380173037
39049008812,88.12,Black,45,5.324223311177072,0.458,8451937,103204,8451.937,0.458,0.01386537255532654
39049008813,88.13,Black,53,26.81453448956257,0.743,1976540,806,1976.54,0.743,0.06983056285692162
39049008821,88.21,White,32,7.937409556938761,0.694,4031542,824077,4031.542,0.694,0.02067064700312776
39049008822,88.22,White,183,35.83425072931512,0.951,5106846,787592,5106.846,0.951,0.09331975906418019
39049008825,88.25,White,44,10.021035063601687,0.34,4390764,0,4390.764,0.34,0.02609683636956804
39049008900,89,White,25,16.06714782418684,0.377,1555970,12743,1555.97,0.377,0.04184215752486977
39049009000,90,White,4,1.522529439058285,0.183,2627207,37968,2627.207,0.183,0.003964979803660488
39049009100,91,White,13,6.227902921365539,0.129,2087380,0,2087.38,0.129,0.016218740123439546
39049009220,92.20,Other,123,59.720247057321245,0.954,2059603,7971,2059.603,0.954,0.15552380622495715
39049009230,92.30,Other,274,148.27249020400455,0.925,1847949,5258,1847.949,0.925,0.3861320602516244
39049009240,92.40,White,43,51.91581428143684,0.516,828264,0,828.264,0.516,0.13519945810952932
39049009250,92.50,White,18,15.340678109108014,0.675,1173351,0,1173.351,0.675,0.039950280971047504
39049009251,92.51,Other,114,25.520255023460724,0.712,4467040,23764,4467.04,0.712,0.0664599929278696
39049009252,92.52,Black,93,49.8782274028836,0.576,1864541,36485,1864.541,0.576,0.12989316279962437
39049009311,93.11,Other,137,80.49367889602625,0.672,1701997,34982,1701.997,0.672,0.20962209528275577
39049009312,93.12,Black,176,112.25062503188937,0.837,1567920,36725,1567.92,0.837,0.2923237145910252
39049009321,93.21,Black,34,34.67714052299248,0.787,980473,11,980.473,0.787,0.09030640609971048
39049009322,93.22,Black,23,15.486254938768694,0.848,1485188,5290,1485.188,0.848,0.040329392976817674
39049009323,93.23,Black,167,151.23989545429026,0.952,1104206,1896,1104.206,0.952,0.3938597938407603
39049009325,93.25,Black,331,63.80196486921176,0.982,5187928,77217,5187.928,0.982,0.16615343890936504
39049009326,93.26,Black,282,383.9942482563666,0.862,734386,78703,734.386,0.862,1
39049009332,93.32,Black,107,55.99567106363515,0.802,1910862,19339,1910.862,0.802,0.14582424428985377
39049009334,93.34,Black,67,45.496152519400376,0.816,1472652,1135,1472.652,0.816,0.11848133852522114
39049009336,93.36,Other,105,61.83523442326277,0.209,1698061,78605,1698.061,0.209,0.16103166832327037
39049009337,93.37,Black,110,37.07467344796148,0.924,2966985,1334,2966.985,0.924,0.09655007494593842
39049009340,93.40,Black,159,102.60573391816449,0.965,1549621,2866,1549.621,0.965,0.2672064344298764
39049009350,93.50,Black,215,121.76577362326803,0.745,1765685,34134,1765.685,0.745,0.31710311853935214
39049009361,93.61,Black,156,25.14953494318301,0.576,6202898,112192,6202.898,0.576,0.06549456159143403
39049009372,93.72,Black,72,32.45424402346082,0.625,2218508,39090,2218.508,0.625,0.0845175264234514
39049009373,93.73,Black,149,47.42917932240574,0.666,3141526,40633,3141.526,0.666,0.12351533789313567
39049009381,93.81,White,208,66.9175000522793,0.896,3108305,86956,3108.305,0.896,0.1742669333099049
39049009382,93.82,White,127,65.22634569141466,0.731,1947066,15989,1947.066,0.731,0.16986281952813917
39049009383,93.83,White,71,53.4690493278338,0.823,1327871,0,1327.871,0.823,0.1392444016300374
39049009384,93.84,White,59,42.52981772729304,0.684,1387262,2511,1387.262,0.684,0.1107563926293469
39049009385,93.85,White,36,13.089562055977513,0.374,2750283,36231,2750.283,0.374,0.034087911773195395
39049009386,93.86,Other,234,89.29736710147615,0.875,2620458,25330,2620.458,0.875,0.23254871005739242
39049009390,93.90,Other,47,7.2011260722591635,0.483,6526757,50947,6526.757,0.483,0.018753213374830203
39049009391,93.91,Other,180,68.21540910296737,0.432,2638700,11681,2638.7,0.432,0.17764695542372977
39049009392,93.92,Black,236,61.08044579408074,0.826,3863757,35872,3863.757,0.826,0.15906604349266587
39049009393,93.93,Black,134,96.49437380192154,0.876,1388682,0,1388.682,0.876,0.25129119574077285
39049009394,93.94,White,17,10.460939773908324,0.246,1625093,0,1625.093,0.246,0.027242438712061837
39049009395,93.95,White,57,22.43068328583538,0.221,2541162,2612,2541.162,0.221,0.05841411267926064
39049009396,93.96,Black,294,183.567694333565,0.853,1601589,12617,1601.589,0.853,0.478048031102303
39049009397,93.97,Black,181,98.10680958823325,0.737,1844928,3263,1844.928,0.737,0.25549031016405765
39049009401,94.01,White,113,17.67800222930559,0.314,6392125,291032,6392.125,0.314,0.046037153706279484
39049009403,94.03,Other,54,14.280402580415855,0.753,3781406,51759,3781.406,0.753,0.0371891054234797
39049009404,94.04,White,3,1.0902688057740637,0.231,2751615,5935,2751.615,0.231,0.0028392842099191186
39049009405,94.05,White,6,1.03895528197939,0.089,5775032,131554,5775.032,0.089,0.0027056532401124687
39049009410,94.10,White,35,27.121964374137423,0.325,1290467,1450,1290.467,0.325,0.07063117350661448
39049009420,94.20,White,199,49.945386351406704,0.708,3984352,116352,3984.352,0.708,0.13006805851441192
39049009440,94.40,White,40,4.500003487502703,0.18,8888882,142902,8888.882,0.18,0.011718934614089217
39049009495,94.95,White,71,3.6344789193823943,0.513,19535125,688822,19535.125,0.513,0.00946493062301262
39049009497,94.97,White,1,0.02469245790602623,0.329,40498196,798640,40498.196,0.329,6.430423897792545e-5
39049009498,94.98,Other,211,38.00466502760291,0.769,5551950,146912,5551.95,0.769,0.09897196429418861
39049009520,95.20,White,18,2.84334181754939,0.483,6330579,13050,6330.579,0.483,0.007404646893697965
39049009590,95.90,White,44,1.0090992080979293,0.517,43603245,4004218,43603.245,0.517,0.0026279018831142052
39049009600,96,White,38,5.933942416085856,0.843,6403837,17782,6403.837,0.843,0.015453206507729174
39049009711,97.11,White,58,29.794239951507308,0.634,1946685,1026,1946.685,0.634,0.07759032872704838
39049009712,97.12,White,17,14.404374862840696,0.422,1180197,2924,1180.197,0.422,0.03751195474475931
39049009751,97.51,White,48,1.7654834090351776,0.133,27188021,187740,27188.021,0.133,0.004597681910736552
39049009752,97.52,White,39,4.802559986129221,0.05,8120669,39605,8120.669,0.05,0.012506853964445015
39049009753,97.53,White,2,0.11244684848310045,0.053,17786181,216358,17786.181,0.053,2.928347208159936e-4
39049009754,97.54,White,6,0.5648075211275667,0.052,10623088,350095,10623.088,0.052,0.0014708749511020893
39049009755,97.55,White,54,4.908432732883545,0.104,11001475,139098,11001.475,0.104,0.01278256837223906
39049009756,97.56,White,97,28.0616731931754,0.431,3456672,16425,3456.672,0.431,0.07307836854483443
39049009757,97.57,White,28,7.653943352618538,0.152,3658245,7449,3658.245,0.152,0.019932442705518146
39049009801,98.01,White,6,0.15883723099161104,0.238,37774519,427769,37774.519,0.238,4.136448181525009e-4
39049009802,98.02,White,6,0.08536475970567084,0.233,70286615,1002857,70286.615,0.233,2.2230739156457014e-4
39049009900,99,Other,78,27.616455583710966,0.843,2824403,40220,2824.403,0.843,0.07191893032020978
39049010000,100,White,188,17.891840587887813,0.272,10507583,2324911,10507.583,0.272,0.046594032772966594
39049010100,101,Black,30,4.565736098627205,0.445,6570682,52856,6570.682,0.445,0.011890115852930634
39049010201,102.01,Other,186,15.38250331220031,0.209,12091660,113708,12091.66,0.209,0.04005920240224658
39049010202,102.02,Other,153,32.67027619835854,0.644,4683156,242182,4683.156,0.644,0.08508011863903452
39049010203,102.03,Other,189,79.0518132352812,0.139,2390837,38098,2390.837,0.139,0.20586718054824546
39049010204,102.04,Black,304,37.251806773897954,0.318,8160678,70764,8160.678,0.318,0.09701136655835398
39049010300,103,White,209,10.6663362313956,0.511,19594357,27439,19594.357,0.511,0.027777333332020173
39049010401,104.01,Other,0,0,0.095,2574414,73588,2574.414,0.095,0
39049010402,104.02,White,3,0.8521252999126004,0.177,3520609,64386,3520.609,0.177,0.0022191095407858687
39049010501,105.01,White,9,3.2606852656154217,0.265,2760156,58257,2760.156,0.265,0.008491495069057614
39049010502,105.02,White,5,0.8788084482316793,0.117,5689522,81438,5689.522,0.117,0.002288597947032163
39049010601,106.01,White,16,4.3981853087416125,0.056,3637864,118858,3637.864,0.056,0.011453779135267792
39049010602,106.02,White,51,14.389711187210423,0.267,3544199,71035,3544.199,0.267,0.037473767517484796
39049010700,107,White,17,12.197484448207328,0.495,1393730,8400,1393.73,0.495,0.03176475820560704
39049010900,109,White,61,13.874474219975923,0.419,4396563,53452,4396.563,0.419,0.036131984484082405
39049980000,9800,Other,1,0.08881676178349741,NA,11259136,151421,11259.136,NA,2.312971149614735e-4
