GEOID,NAME,racial_majority,total_filings_2020,eviction_rate_2020,SVI_numeric,ALAND,AWATER,estimated_population,SVI_normalized,eviction_rate_normalized
39049007721,77.21,Black,1796,835.4693002246836,0.987,2149690,15318,2149.69,0.987,0.5686348077060283
39049009325,93.25,Black,1736,334.62299399683263,0.982,5187928,77217,5187.928,0.982,0.2277501780068192
39049006945,69.45,Black,1564,794.8139911655712,0.932,1967756,511,1967.756,0.932,0.5409641035367184
39049009396,93.96,Black,1552,969.0376245091594,0.853,1601589,12617,1601.589,0.853,0.6595437116893267
39049010204,102.04,Black,1363,167.02043629218065,0.318,8160678,70764,8160.678,0.318,0.11367698806938774
39049009230,92.30,Other,1326,717.5522701113505,0.925,1847949,5258,1847.949,0.925,0.4883784443354905
39049009420,94.20,White,1287,323.0136293178916,0.708,3984352,116352,3984.352,0.708,0.21984864428197326
39049006933,69.33,Other,1259,832.2695839511454,0.962,1512731,0,1512.731,0.962,0.5664570256529619
39049008730,87.30,Black,1258,269.800122718307,0.944,4662711,93440,4662.711,0.944,0.18363061438610437
39049008230,82.30,Black,1134,1014.6779337077083,0.984,1117596,0,1117.596,0.984,0.6906072928858842
39049009386,93.86,Other,1083,413.2865323542678,0.875,2620458,25330,2620.458,0.875,0.2812899382293988
39049009326,93.26,Black,1079,1469.254588186594,0.862,734386,78703,734.386,0.862,1
39049004900,49,White,1059,435.50962028002573,0.841,2431634,0,2431.634,0.841,0.29641535495733734
39049007553,75.53,Black,1052,781.9939209636068,0.724,1345279,19245,1345.279,0.724,0.5322385427625388
39049008350,83.50,Other,1032,230.10602937999133,0.79,4484889,38882,4484.889,0.79,0.15661413020598175
39049002730,27.30,Black,1015,1090.3637625391834,0.95,930882,0,930.882,0.95,0.7421203726747921
39049006921,69.21,White,977,364.5261235015999,0.916,2680192,109256,2680.192,0.916,0.24810276342339754
39049009392,93.92,Black,948,245.35704496944294,0.826,3863757,35872,3863.757,0.826,0.16699423431596785
39049006000,60,White,946,976.7419769835813,0.731,968526,0,968.526,0.731,0.66478742679246
39049009381,93.81,White,911,293.0857814789733,0.896,3108305,86956,3108.305,0.896,0.19947923514107255
39049007043,70.43,White,882,338.91714052303905,0.812,2602406,4220,2602.406,0.812,0.2306728481558411
39049009340,93.40,Black,870,561.4276006842963,0.965,1549621,2866,1549.621,0.965,0.38211730301773644
39049004700,47,Other,863,650.1455859032164,0.861,1327395,0,1327.395,0.861,0.4425002930946427
39049005002,50.02,White,858,605.0780007602262,0.94,1417999,0,1417.999,0.94,0.41182651776302087
39049009323,93.23,Black,858,777.0289239507846,0.952,1104206,1896,1104.206,0.952,0.5288592802080824
39049009498,94.98,Other,834,150.2174911517575,0.769,5551950,146912,5551.95,0.769,0.10224061395456403
39049006931,69.31,Other,828,409.77237837233264,0.725,2020634,1207,2020.634,0.725,0.27889814445166256
39049009311,93.11,Other,807,474.1488968546948,0.672,1701997,34982,1701.997,0.672,0.3227139126649971
39049008132,81.32,White,804,303.4747863031713,0.452,2649314,8943,2649.314,0.452,0.2065501709119933
39049002900,29,Black,797,888.6876859330887,0.945,896828,0,896.828,0.945,0.6048561584074673
39049008171,81.71,White,794,587.1256796497358,0.294,1352351,27696,1352.351,0.294,0.39960785854981545
39049006992,69.92,Black,788,852.6846581686758,0.821,924140,0,924.14,0.821,0.5803518770842087
39049009350,93.50,Black,772,437.2240801728508,0.745,1765685,34134,1765.685,0.745,0.2975822459145683
39049010000,100,White,771,73.37558028330588,0.272,10507583,2324911,10507.583,0.272,0.049940684802535565
39049008311,83.11,White,759,304.72834812744634,0.953,2490743,0,2490.743,0.953,0.20740336669872364
39049007115,71.15,Other,758,430.43040769368804,0.839,1761028,6123,1761.028,0.839,0.2929583553146773
39049002600,26,Other,756,211.95065250522308,0.999,3566868,21400,3566.868,0.999,0.14425726773929634
39049007209,72.09,White,756,132.33190522234912,0.296,5712908,61933,5712.908,0.296,0.09006737585599636
39049009391,93.91,Other,738,279.6831773221662,0.432,2638700,11681,2638.7,0.432,0.19035719171539978
39049005500,55,Black,737,497.7039438141545,0.629,1480800,0,1480.8,0.629,0.3387458836718273
39049007199,71.99,Other,734,208.2791826375749,0.474,3524116,50459,3524.116,0.474,0.1417584020579037
39049004500,45,White,733,289.222610658228,0.823,2534380,12005,2534.38,0.823,0.19684989448642579
39049010203,102.03,Other,708,296.13060196073593,0.139,2390837,38098,2390.837,0.139,0.2015515924481344
39049010300,103,White,702,35.826641313108674,0.511,19594357,27439,19594.357,0.511,0.024384229663919024
39049002710,27.10,Black,698,828.5958149975843,0.731,842389,0,842.389,0.731,0.5639565951740648
39049004002,40.02,White,695,547.4738610771292,0.309,1269467,73669,1269.467,0.309,0.3726201473039746
39049009373,93.73,Black,683,217.41026494767192,0.666,3141526,40633,3141.526,0.666,0.14797317408142815
39049009312,93.12,Black,677,431.78223378743814,0.837,1567920,36725,1567.92,0.837,0.29387843145710985
39049009393,93.93,Black,664,478.1512254065365,0.876,1388682,0,1388.682,0.876,0.32543796647025464
39049007722,77.22,White,660,368.21501078702613,0.886,1792431,0,1792.431,0.886,0.2506134836995746
39049007965,79.65,White,655,135.81175619737036,0.197,4822852,23100,4822.852,0.197,0.09243582241590549
39049000730,7.30,Black,652,625.0509291880569,0.868,1043115,0,1043.115,0.868,0.42542043714800776
39049008120,81.20,White,639,317.1263095728472,0.763,2014970,351,2014.97,0.763,0.21584163297679793
39049008322,83.22,White,621,370.49610084176,0.611,1676131,2425,1676.131,0.611,0.25216603291267536
39049008720,87.20,Other,618,217.1473305987293,0.783,2845994,986,2845.994,0.783,0.14779421643102725
39049007531,75.31,Black,606,315.73567193083824,0.949,1919327,2355,1919.327,0.949,0.21489514102557977
39049000820,8.20,Other,602,415.9851627351923,0.844,1447167,730,1447.167,0.844,0.28312667258614177
39049008169,81.69,White,573,243.23339963884297,0.735,2355762,5126,2355.762,0.735,0.16554884469617362
39049006353,63.53,White,570,327.72483073299975,0.369,1739264,0,1739.264,0.369,0.22305516917765036
39049000910,9.10,Black,569,443.65399354869396,0.838,1282531,3900,1282.531,0.838,0.30195855579819386
39049006924,69.24,Other,568,344.01662423996856,0.605,1651083,0,1651.083,0.605,0.23414364467941942
39049008242,82.42,White,568,105.48411544790729,0.421,5384697,107945,5384.697,0.421,0.07179430732838446
39049009251,92.51,Other,563,126.03424191410866,0.712,4467040,23764,4467.04,0.712,0.08578107764813216
39049008822,88.22,White,562,110.04835469877102,0.951,5106846,787592,5106.846,0.951,0.07490080724171608
39049002770,27.70,Black,560,637.5496235611017,0.889,878363,0,878.363,0.889,0.4339272639930892
39049009332,93.32,Black,560,293.0614560339784,0.802,1910862,19339,1910.862,0.802,0.19946267882388255
39049010201,102.01,Other,557,46.064808305890175,0.209,12091660,113708,12091.66,0.209,0.03135250260660747
39049006100,61,White,556,526.9088362422302,0.818,1055211,0,1055.211,0.818,0.3586232368976705
39049007966,79.66,White,552,173.9950524885075,0.824,3172504,24115,3172.504,0.824,0.11842403208232165
39049009900,99,Other,551,195.0854747003172,0.843,2824403,40220,2824.403,0.843,0.13277853700024758
39049008164,81.64,White,550,423.5803320099657,0.662,1298455,0,1298.455,0.662,0.2882960757214742
39049006352,63.52,White,545,661.810153989258,0.281,823499,0,823.499,0.281,0.45043939920996773
39049008312,83.12,Other,543,357.0766274605736,0.945,1520682,0,1520.682,0.945,0.24303250800209528
39049009397,93.97,Black,536,290.526242758525,0.737,1844928,3263,1844.928,0.737,0.19773716896613727
39049007205,72.05,White,529,98.19317139812969,0.016,5387340,36515,5387.34,0.016,0.06683196512547439
39049007710,77.10,Other,529,259.900284760312,0.919,2035396,0,2035.396,0.919,0.17689261401666959
39049005100,51,Black,522,130.63550167411148,1,3995851,236573,3995.851,1,0.08891277435815018
39049002760,27.60,White,502,382.7844595609569,0.588,1311443,0,1311.443,0.588,0.26052970168594336
39049009337,93.37,Black,502,169.19532791706058,0.924,2966985,1334,2966.985,0.924,0.11515725680046196
39049003000,30,White,501,142.12084583746199,0.318,3525169,21265,3525.169,0.318,0.09672989758219681
39049002750,27.50,Black,500,534.5026826689644,0.902,935449,0,935.449,0.902,0.36379173967982403
39049008163,81.63,Other,492,544.8698071249479,0.882,902968,8755,902.968,0.882,0.37084778329496015
39049009252,92.52,Black,481,257.97233742781737,0.576,1864541,36485,1864.541,0.576,0.17558041982786385
39049006372,63.72,White,480,213.59249222389835,0.814,2247270,60203,2247.27,0.814,0.14537473215416108
39049007812,78.12,White,474,113.96340187967485,0.387,4159230,86246,4159.23,0.387,0.07756545584134096
39049006396,63.96,White,464,54.7063430707873,0.413,8481649,32573,8481.649,0.413,0.03723408013195848
39049008172,81.72,White,459,67.88967676083116,0.175,6760969,36774,6760.969,0.175,0.04620688429812767
39049010202,102.02,Other,453,96.72964129317923,0.644,4683156,242182,4683.156,0.644,0.0658358613074446
39049000710,7.10,Other,446,340.513901136446,0.758,1309785,335,1309.785,0.758,0.23175963095457836
39049009361,93.61,Black,446,71.90187554268988,0.576,6202898,112192,6202.898,0.576,0.048937655952079565
39049007532,75.32,Black,445,527.7783378421811,0.846,843157,12935,843.157,0.846,0.35921503467522525
39049002800,28,Black,442,386.94811743612735,0.681,1142272,0,1142.272,0.681,0.2633635590096829
39049004620,46.20,White,442,597.4579650473572,0.876,739801,0,739.801,0.876,0.4066401901012683
39049000720,7.20,Black,433,198.02224709060502,0.842,2186623,761,2186.623,0.842,0.13477735491369885
39049007044,70.44,White,428,193.61346970718225,0.276,2210590,36367,2210.59,0.276,0.13177666502722774
39049009220,92.20,Other,428,207.8070385409227,0.954,2059603,7971,2059.603,0.954,0.1414370526468156
39049006387,63.87,White,418,108.2962997123412,0.492,3859781,48699,3859.781,0.492,0.07370832841570658
39049007301,73.01,White,416,150.99708895035243,0.316,2755020,26284,2755.02,0.316,0.10277122165513765
39049003700,37,Other,404,193.20723532402144,0.49,2091019,40588,2091.019,0.49,0.13150017490330565
39049008710,87.10,Black,397,252.06093144450597,0.72,1575016,0,1575.016,0.72,0.171557015013721
39049009336,93.36,Other,393,231.44044884135496,0.209,1698061,78605,1698.061,0.209,0.1575223590943534
39049007202,72.02,Other,387,101.75320509449638,0.553,3803320,192546,3803.32,0.553,0.0692549854277357
39049009334,93.34,Black,387,262.7912093284768,0.816,1472652,1135,1472.652,0.816,0.17886022711205074
39049008168,81.68,White,383,37.77178053510681,0.255,10139845,61407,10139.845,0.255,0.0257081249490778
39049007397,73.97,White,381,115.63118084322143,0.256,3294959,42344,3294.959,0.256,0.07870057495341058
39049006395,63.95,White,379,209.64801260321985,0.218,1807792,25859,1807.792,0.218,0.14269005132866378
39049006237,62.37,White,375,85.17374876923932,0.292,4402765,167927,4402.765,0.292,0.057970721653055224
39049009383,93.83,White,375,282.4069506751785,0.823,1327871,0,1327.871,0.823,0.19221103881236482
39049008340,83.40,White,373,45.54848990881143,0.708,8189075,430198,8189.075,0.708,0.031001087405164406
39049000330,3.30,White,364,457.3835399726826,0.688,795831,0,795.831,0.688,0.3113031217668012
39049000920,9.20,Black,362,395.45813059731654,0.877,915394,0,915.394,0.877,0.2691556206643567
39049005900,59,Black,359,459.78071405609836,0.747,780807,0,780.807,0.747,0.31293467977090067
39049004820,48.20,White,353,417.150683571708,0.833,846217,0,846.217,0.833,0.28391994615893634
39049007512,75.12,Black,351,177.6750086179972,0.928,1975517,13400,1975.517,0.928,0.1209286736598114
39049009382,93.82,White,350,179.7576456062609,0.731,1947066,15989,1947.066,0.731,0.12234615229490224
39049007520,75.20,Black,343,135.11181980258706,0.757,2538638,30913,2538.638,0.757,0.09195943363998396
39049005300,53,Other,342,232.63327948303717,0.912,1470125,0,1470.125,0.912,0.1583342201913158
39049007550,75.50,Black,340,55.955951474998884,0.57,6076208,68583,6076.208,0.57,0.03808458515284387
39049005420,54.20,Black,337,355.3828907919976,0.846,948273,0,948.273,0.846,0.24187972162851898
39049008241,82.41,White,330,81.81942601441213,0.938,4033272,351898,4033.272,0.938,0.05568771176368866
39049009401,94.01,White,330,51.626024209476505,0.314,6392125,291032,6392.125,0.314,0.03513756201584858
39049005620,56.20,White,329,453.4659824705764,0.651,725523,0,725.523,0.651,0.3086367645992926
39049007424,74.24,White,329,75.26833504612644,0.426,4371028,21415,4371.028,0.426,0.051228926321765164
39049004302,43.02,Other,325,128.7936159580442,0.654,2523417,200201,2523.417,0.654,0.08765915518903081
39049006923,69.23,Other,324,177.4634556735724,0.601,1825728,0,1825.728,0.601,0.12078468707904741
39049005410,54.10,Black,316,315.92196727408333,0.982,1000247,12322,1000.247,0.982,0.2150219368475857
39049008381,83.81,White,309,89.90369830064553,0.483,3437011,16372,3437.011,0.483,0.06119000683986827
39049006397,63.97,White,305,132.16874612160564,0.558,2307656,15523,2307.656,0.558,0.08995632695946383
39049003600,36,Other,301,345.1086863053765,0.655,872189,0,872.189,0.655,0.23488692094630234
39049009495,94.95,White,299,15.305763336554028,0.513,19535125,688822,19535.125,0.513,0.010417366370415723
39049000310,3.10,White,298,161.58172239609428,0.71,1844268,284,1844.268,0.71,0.1099753056381632
39049001400,14,Black,298,160.66820721238503,0.873,1854754,0,1854.754,0.873,0.10935355145678831
39049008210,82.10,White,298,39.91622949688807,0.832,7465635,10360,7465.635,0.832,0.027167673878870847
39049009755,97.55,White,297,26.996380030859495,0.104,11001475,139098,11001.475,0.104,0.018374201617555867
39049008110,81.10,White,286,138.99439016697306,0.547,2057637,0,2057.637,0.547,0.09460197795844548
39049006943,69.43,Other,284,152.72783201229137,0.749,1859517,0,1859.517,0.749,0.10394919521795978
39049009372,93.72,Black,283,127.56320914776958,0.625,2218508,39090,2218.508,0.625,0.08682171910397952
39049004301,43.01,White,271,103.87714744920274,0.07,2608851,1093586,2608.851,0.07,0.0707005772072569
39049002510,25.10,Black,266,53.88962553800991,0.947,4936015,17613,4936.015,0.947,0.036678208100423486
39049007214,72.14,White,263,121.2998361299172,0.36,2168181,15642,2168.181,0.36,0.08255875945885577
39049009395,93.95,White,262,103.10243896296262,0.221,2541162,2612,2541.162,0.221,0.07017329725695484
39049001600,16,Other,261,532.4520334159552,0.465,490185,0,490.185,0.465,0.3623960324487578
39049000810,8.10,White,260,261.48733998986233,0.496,994312,0,994.312,0.496,0.1779727911638508
39049002300,23,Black,259,100.6883741471131,0.646,2572293,80,2572.293,0.646,0.06853024312919537
39049006821,68.21,White,259,173.0651780834,0.729,1496546,31677,1496.546,0.729,0.11779114353285987
39049004810,48.10,White,258,326.5793847396289,0.419,790007,0,790.007,0.419,0.22227555888915393
39049007398,73.98,Other,258,47.510172333022005,0.321,5430416,30912,5430.416,0.321,0.032336242278923726
39049010900,109,White,258,58.682202438586685,0.419,4396563,53452,4396.563,0.419,0.03994011855427611
39049006239,62.39,Other,256,41.178536138428086,0.172,6216831,62123,6216.831,0.172,0.028026821538976503
39049007820,78.20,Other,256,127.12152668981008,0.595,2013821,85170,2013.821,0.595,0.08652110240928904
39049007941,79.41,White,256,34.06518026268778,0.162,7515005,246662,7515.005,0.162,0.023185348908613745
39049007303,73.03,White,255,21.383298134747484,0.318,11925195,214890,11925.195,0.318,0.014553841319726289
39049004200,42,White,251,211.31699316966228,0.575,1187789,173215,1187.789,0.575,0.14382598827237775
39049001700,17,White,250,487.1850835619855,0.616,513152,0,513.152,0.616,0.3315865660581578
39049002200,22,White,247,236.6752776862165,0.049,1043624,0,1043.624,0.049,0.16108527384510637
39049006241,62.41,White,242,27.845169352133805,0.246,8690915,33139,8690.915,0.246,0.018951902261201237
39049001500,15,Black,241,183.66648604858702,0.957,1312161,0,1312.161,0.957,0.12500657648125824
39049007048,70.48,White,239,83.55045381180592,0.068,2860547,49277,2860.547,0.068,0.0568658791223697
39049007511,75.11,Black,239,139.4946790659343,0.949,1713327,2137,1713.327,0.949,0.09494248320715035
39049005001,50.01,White,238,327.9126705180331,0.846,725803,0,725.803,0.846,0.22318301617336075
39049006384,63.84,White,236,95.97159240864704,0.192,2459061,13035,2459.061,0.192,0.06531992016924622
39049008813,88.13,Black,236,119.40056867050502,0.743,1976540,806,1976.54,0.743,0.08126608528605885
39049007215,72.15,White,234,43.09942318605302,0.098,5429307,32929,5429.307,0.098,0.02933421037619345
39049007533,75.33,Black,234,110.69052914803297,0.955,2114002,18586,2114.002,0.955,0.07533788224180477
39049008330,83.30,White,234,148.42611233953807,0.745,1576542,0,1576.542,0.745,0.10102137065485078
39049008900,89,White,223,143.31895859174662,0.377,1555970,12743,1555.97,0.377,0.09754535377605045
39049007492,74.92,White,222,35.894102695938145,0.115,6184860,195291,6184.86,0.115,0.02443014504398446
39049009711,97.11,White,222,114.04002188335556,0.634,1946685,1026,1946.685,0.634,0.07761760473663573
39049006932,69.32,Other,218,85.24502470150557,0.802,2557334,2107,2557.334,0.802,0.058019233281223236
39049005610,56.10,Black,213,336.9485433698651,0.345,632144,0,632.144,0.345,0.22933298699835195
39049009756,97.56,White,213,61.619962785014025,0.431,3456672,16425,3456.672,0.431,0.041939608887706495
39049007922,79.22,White,212,26.791047897717842,0.225,7913091,48148,7913.091,0.225,0.018234449028186668
39049002520,25.20,Black,209,133.0669447702144,0.642,1570638,25707,1570.638,0.642,0.09056765644302009
39049008166,81.66,White,207,29.181307835730948,0.059,7093582,56349,7093.582,0.059,0.01986130114573782
39049008825,88.25,White,206,46.9166641614079,0.34,4390764,0,4390.764,0.34,0.031932290386320394
39049007427,74.27,White,204,28.371074743596413,0.267,7190422,66804,7190.422,0.267,0.019309842536284334
39049005820,58.20,White,197,258.40233900025845,0.536,762377,0,762.377,0.536,0.17587308631051327
39049010602,106.02,White,197,55.58378635059713,0.267,3544199,71035,3544.199,0.267,0.037831283153725324
39049007047,70.47,White,195,83.59988836199523,0.268,2332539,18102,2332.539,0.268,0.05689952512939039
39049007114,71.14,White,195,46.84264929533042,0.53,4162873,74871,4162.873,0.53,0.031881914592586214
39049007534,75.34,Black,194,84.19137654636559,0.958,2304274,14767,2304.274,0.958,0.05730210218385472
39049008167,81.67,White,191,25.82978523142135,0.577,7394564,85948,7394.564,0.577,0.01758019708708304
39049009600,96,White,189,29.513555701058596,0.843,6403837,17782,6403.837,0.843,0.02008743477022949
39049008812,88.12,Black,185,21.88847361261685,0.458,8451937,103204,8451.937,0.458,0.014897672458271767
39049007302,73.02,White,182,82.59433339338817,0.184,2203541,17849,2203.541,0.184,0.05621512708381535
39049009384,93.84,White,180,129.75198628665675,0.684,1387262,2511,1387.262,0.684,0.0883114385552481
39049006386,63.86,White,179,41.31909001975468,0.457,4332138,47096,4332.138,0.457,0.028122484933500985
39049008170,81.70,White,179,5.3661970834509,0.177,33356956,249670,33356.956,0.177,0.0036523262384867217
39049006302,63.02,White,178,92.36120912238171,0.506,1927216,6374,1927.216,0.506,0.06286263106816442
39049008380,83.80,White,178,17.713270513584337,0.561,10048963,1543953,10048.963,0.561,0.012055957256153056
39049008821,88.21,White,178,44.15184066047185,0.694,4031542,824077,4031.542,0.694,0.03005050385104845
39049003800,38,White,174,232.1064594960889,0.24,749656,0,749.656,0.24,0.1579756574267792
39049007811,78.11,White,172,78.40191373601527,0.152,2193824,2283,2193.824,0.152,0.053361693995307984
39049008360,83.60,White,170,40.4444800778818,0.265,4203293,16288,4203.293,0.265,0.02752721033037563
39049009322,93.22,Black,170,114.46362346046425,0.848,1485188,5290,1485.188,0.848,0.07790591527213762
39049009410,94.10,White,168,130.18542899585964,0.325,1290467,1450,1290.467,0.325,0.08860644713489654
39049007113,71.13,Other,167,63.50930354252614,0.613,2629536,49532,2629.536,0.613,0.04322552677607192
39049009240,92.40,White,164,198.00450098036373,0.516,828264,0,828.264,0.516,0.1347652766051579
39049007830,78.30,White,154,137.23215224570615,0.134,1122186,0,1122.186,0.134,0.09340256845145056
39049006944,69.44,White,153,59.820491607145925,0.339,2557652,0,2557.652,0.339,0.04071485778443509
39049010100,101,Black,153,23.285254102998746,0.445,6570682,52856,6570.682,0.445,0.015848345337984092
39049007112,71.12,Other,152,38.41484187743441,0.627,3956804,32802,3956.804,0.627,0.02614580358387539
39049001820,18.20,White,145,165.15239009677933,0.389,877977,31838,877.977,0.389,0.1124055636270745
39049004001,40.01,White,143,184.30447614996973,0.53,775890,690,775.89,0.53,0.12544080354204973
39049007730,77.30,White,143,98.70019436345966,0.617,1448832,1038,1448.832,0.617,0.06717705369583289
39049009394,93.94,White,139,85.53356638666217,0.246,1625093,0,1625.093,0.246,0.058215619726075335
39049009590,95.90,White,139,3.1878361346730038,0.517,43603245,4004218,43603.245,0.517,0.002169696225762714
39049009757,97.57,White,136,37.176296284147185,0.152,3658245,7449,3658.245,0.152,0.02530282810280789
39049007120,71.20,White,134,39.70415074303059,0.131,3374962,50541,3374.962,0.131,0.027023329423142967
39049009321,93.21,Black,132,134.6288985010296,0.787,980473,11,980.473,0.787,0.09163074907745794
39049009385,93.85,White,131,47.63146192591817,0.374,2750283,36231,2750.283,0.374,0.03241879406666111
39049000600,6,White,130,132.14806682626087,0.21,983745,12989,983.745,0.21,0.0899422522745787
39049001901,19.01,White,130,75.41495629413225,0.435,1723796,58279,1723.796,0.435,0.0513287192706419
39049007041,70.41,White,129,34.18077816118542,0.38,3774051,67425,3774.051,0.38,0.023264026831029024
39049001000,10,White,128,143.16664485612313,0.363,894063,0,894.063,0.363,0.09744168642197297
39049009390,93.90,Other,128,19.611577388280274,0.483,6526757,50947,6526.757,0.483,0.013347977638433362
39049009440,94.40,White,128,14.40001116000865,0.18,8888882,142902,8888.882,0.18,0.00980089582553671
39049009751,97.51,White,128,4.707955757427141,0.133,27188021,187740,27188.021,0.133,0.0032043158451101838
39049009752,97.52,White,127,15.639105595856698,0.05,8120669,39605,8120.669,0.05,0.010644244858312156
39049003200,32,White,126,82.97984577602949,0.215,1518441,138984,1518.441,0.215,0.05647751345697423
39049009403,94.03,Other,126,33.32093935430366,0.753,3781406,51759,3781.406,0.753,0.022678805717006163
39049006240,62.40,White,125,8.053773434467251,0.19,15520675,50101,15520.675,0.19,0.005481537031922768
39049001902,19.02,White,122,109.98640495912473,0.168,1109228,0,1109.228,0.168,0.07485864318101183
39049001810,18.10,White,121,306.31748161462224,0.439,395015,0,395.015,0.439,0.2084849583438702
39049010601,106.01,White,121,33.26127639735845,0.056,3637864,118858,3637.864,0.056,0.02263819808002825
39049007964,79.64,White,120,47.03054986943143,0.042,2551533,13532,2551.533,0.042,0.03200980296238394
39049008321,83.21,White,119,107.87056257671047,0.787,1103174,0,1103.174,0.787,0.07341856438226144
39049009520,95.20,White,111,17.53394120822124,0.483,6330579,13050,6330.579,0.483,0.011933902639611457
39049001301,13.01,White,110,300.6359817541289,0.423,365891,0,365.891,0.423,0.2046180316000813
39049008811,88.11,White,109,20.871494019838256,0.369,5222434,2858,5222.434,0.369,0.014205498616545818
39049007962,79.62,White,103,31.472388326493945,0.24,3272710,30376,3272.71,0.24,0.021420650021817037
39049005200,52,White,102,93.48749604740365,0.012,1091055,0,1091.055,0.012,0.06362920136447504
39049007959,79.59,White,99,27.451053247002083,0.093,3606419,48971,3606.419,0.093,0.018683660046202845
39049004610,46.10,White,98,65.8556564968957,0.435,1488103,2655,1488.103,0.435,0.044822495043678634
39049002100,21,White,96,184.0723711205789,0.066,521534,3515,521.534,0.066,0.12528282885797726
39049001200,12,White,94,140.04997102157515,0.479,671189,0,671.189,0.479,0.09532042448438413
39049008500,85,White,94,30.427703452896946,0.097,3089290,46816,3089.29,0.097,0.020709619488377365
39049007212,72.12,White,93,13.550058505655837,0.24,6863439,94052,6863.439,0.24,0.009222403397344363
39049008001,80.01,White,91,1.8560738343723744,0.096,49028222,507313,49028.222,0.096,0.0012632758470151905
39049002740,27.40,White,88,62.45497741329935,0.12,1409015,0,1409.015,0.12,0.04250793423785288
39049005810,58.10,White,84,91.1253657218919,0.039,921807,49227,921.807,0.039,0.06202149474609574
39049007957,79.57,White,83,19.366080519962928,0.269,4285844,136226,4285.844,0.269,0.01318088823793651
39049001302,13.02,White,80,251.4624110844631,0.378,318139,0,318.139,0.378,0.17114965173927202
39049008382,83.82,White,78,23.9577753424119,0.206,3255728,36363,3255.728,0.206,0.01630607488657322
39049009712,97.12,White,78,66.09066113538672,0.422,1180197,2924,1180.197,0.422,0.04498244325168871
39049010700,107,White,78,55.96492864471598,0.495,1393730,8400,1393.73,0.495,0.03809069516930342
39049007425,74.25,White,75,30.06968951241397,0.159,2494206,26075,2494.206,0.159,0.020465949028974646
39049009250,92.50,White,72,61.362712436432055,0.675,1173351,0,1173.351,0.675,0.041764519865932895
39049005700,57,White,71,34.466471162486116,0.006,2059973,219764,2059.973,0.006,0.02345847441254266
39049006722,67.22,White,71,18.1061710166105,0.357,3921315,9742,3921.315,0.357,0.012323372111403632
39049002000,20,White,69,99.19722132769013,0.048,695584,6741,695.584,0.048,0.06751533881553017
39049006393,63.93,White,69,28.5278984241437,0.077,2418685,6131,2418.685,0.077,0.019416579436620198
39049007305,73.05,White,69,20.79751539016139,0.331,3317704,19524,3317.704,0.331,0.01415514748593055
39049007426,74.26,White,68,24.89444571967463,0.057,2731533,68090,2731.533,0.057,0.016943588891834078
39049000320,3.20,White,67,52.520843719918105,0.282,1275684,0,1275.684,0.282,0.035746591599718054
39049007552,75.52,Black,67,44.58780570098353,0.88,1502653,13158,1502.653,0.88,0.030347229172866072
39049008165,81.65,White,67,50.51354177582995,0.207,1326377,15688,1326.377,0.207,0.0343803872943324
39049007494,74.94,White,65,22.69190192350525,0.216,2864458,27479,2864.458,0.216,0.015444499616307067
39049007931,79.31,White,65,15.851508917327312,0.229,4100556,101458,4100.556,0.229,0.010788810220352489
39049007956,79.56,White,64,15.625545520754264,0.128,4095857,9118,4095.857,0.128,0.010635015637446376
39049001122,11.22,White,63,10.413982242341962,0.446,6049559,209776,6049.559,0.446,0.0070879358322748325
39049007101,71.01,White,62,30.025259960637857,0.54,2064928,9690,2064.928,0.54,0.02043570951015106
39049007193,71.93,White,60,13.26032493100211,0.074,4524776,30979,4524.776,0.074,0.009025205731954509
39049009100,91,White,59,28.265097873889754,0.129,2087380,0,2087.38,0.129,0.019237712851913252
39049002780,27.80,White,57,32.97033190712547,0.366,1728827,41712,1728.827,0.366,0.022440176244621173
39049006238,62.38,White,56,11.489934714601306,0.179,4873831,179385,4873.831,0.179,0.0078202476323607
39049001110,11.10,White,55,103.90336609123094,0.505,529338,19421,529.338,0.505,0.07071842206698306
39049000500,5,White,54,42.779664132103605,0.171,1262282,48380,1262.282,0.171,0.029116576852010228
39049006351,63.51,White,54,23.6688050409295,0.262,2281484,15132,2281.484,0.262,0.016109396718061216
39049007103,71.03,White,51,34.62199569329528,0.298,1473052,5899,1473.052,0.298,0.023564327089171777
39049006991,69.91,White,43,6.145481263356595,0.028,6997011,108904,6997.011,0.028,0.004182720484774232
39049007960,79.60,White,43,28.0341965040705,0.217,1533841,25721,1533.841,0.217,0.019080557399294085
39049006340,63.40,White,42,12.810138797853876,0.243,3278653,106553,3278.653,0.243,0.008718801289342647
39049006430,64.30,White,41,15.87658088149875,0.246,2582420,0,2582.42,0.246,0.010805874631362688
39049000210,2.10,White,35,20.507808494568657,0.045,1706667,7613,1706.667,0.045,0.013957967978769506
39049010501,105.01,White,35,12.68044269961553,0.265,2760156,58257,2760.156,0.265,0.008630527889156487
39049007102,71.02,White,33,11.707807191573785,0.206,2818632,15816,2818.632,0.206,0.007968535395913906
39049009754,97.54,White,33,3.106441366201617,0.052,10623088,350095,10623.088,0.052,0.002114297543243133
39049010502,105.02,White,33,5.800135758329083,0.117,5689522,81438,5689.522,0.117,0.00394767238092332
39049006710,67.10,White,31,17.997191277051666,0.154,1722491,2336,1722.491,0.154,0.01224919862204714
39049006410,64.10,White,28,12.8162642054557,0.032,2184724,75222,2184.724,0.032,0.008722970347347349
39049000220,2.20,White,27,13.879550179200415,0.03,1945308,10295,1945.308,0.03,0.009446661110196734
39049007020,70.20,White,26,5.866148039014397,0.133,4432210,11373,4432.21,0.133,0.003992601477089552
39049007198,71.98,White,26,16.990054936689177,0.289,1530307,11018,1530.307,0.289,0.011563724267595383
39049006721,67.21,White,25,8.848332850214359,0.024,2825391,36968,2825.391,0.024,0.006022327867041262
39049009802,98.02,White,25,0.3556864987736285,0.233,70286615,1002857,70286.615,0.233,2.4208636245446705e-4
39049009404,94.04,White,24,8.72215044619251,0.231,2751615,5935,2751.615,0.231,0.005936445947708556
39049009801,98.01,White,24,0.6353489239664442,0.238,37774519,427769,37774.519,0.238,4.324294299129018e-4
39049006301,63.01,White,22,12.68091925136464,0.352,1734890,260437,1734.89,0.352,0.00863085223849182
39049008400,84,White,22,10.034715554584519,0.049,2192389,653,2192.389,0.049,0.006829800386718357
39049009405,94.05,White,22,3.809502700591096,0.089,5775032,131554,5775.032,0.089,0.0025928132069289087
39049009753,97.53,White,22,1.236915333314105,0.053,17786181,216358,17786.181,0.053,8.418658980270735e-4
39049007213,72.13,White,20,0.7580148031952901,0.042,26384709,242738,26384.709,0.042,5.159179418529901e-4
39049007955,79.55,White,20,13.974013923707474,0.193,1431228,6045,1431.228,0.193,0.0095109547630916
39049006398,63.98,White,19,2.853285986806706,0.062,6658989,160711,6658.989,0.062,0.001941995628088072
39049007963,79.63,White,19,6.385841983348413,0.028,2975332,428992,2975.332,0.028,0.004346314134182861
39049000410,4.10,White,18,23.242030888659052,0.031,774459,21835,774.459,0.031,0.015818926873214796
39049007211,72.11,White,18,1.0554008025267703,0.014,17055132,317180,17055.132,0.014,7.183239793924233e-4
39049007740,77.40,White,18,10.19439002716805,0.396,1765677,2942,1765.677,0.396,0.0069384775852565665
39049009000,90,White,18,6.851382475762283,0.183,2627207,37968,2627.207,0.183,0.0046631690183921775
39049006321,63.21,White,15,3.4528018105571947,0.074,4344298,38312,4344.298,0.074,0.0023500364322964376
39049006323,63.23,White,15,6.448265352137622,0.022,2326207,0,2326.207,0.022,0.004388800555046283
39049000120,1.20,White,13,4.511423270754109,0.088,2881574,69431,2881.574,0.088,0.0030705524468174483
39049006500,65,White,13,5.344170763521678,0.009,2432557,28836,2432.557,0.009,0.003637334745449148
39049006600,66,White,13,6.106385447262203,0.04,2128919,26973,2128.919,0.04,0.004156111198399537
39049000420,4.20,White,12,8.193620720028076,0.033,1464554,1775,1464.554,0.033,0.005576719505188636
39049006810,68.10,White,11,6.4943000709059495,0.01,1693793,12227,1693.793,0.01,0.004420132578194937
39049007394,73.94,White,11,0.6251127333986254,0.018,17596826,290288,17596.826,0.018,4.25462502159113e-4
39049006330,63.30,White,10,3.5134787585614697,0.033,2846182,151941,2846.182,0.033,0.002391334209068511
39049006822,68.22,White,10,8.978167789386548,0.036,1113813,0,1113.813,0.036,0.006110695764760361
39049006950,69.50,White,10,2.42335767838457,0.025,4126506,258098,4126.506,0.025,0.0016493790101928924
39049006392,63.92,White,9,2.1816357177399706,0.02,4125345,61839,4125.345,0.02,0.0014848588769306636
39049007010,70.10,White,9,3.281579183411836,0.19,2742582,111788,2742.582,0.19,0.0022334993606942396
39049007961,79.61,White,9,1.3694071699420605,0.024,6572187,88380,6572.187,0.024,9.320421259546524e-4
39049006394,63.94,White,8,7.812728888541657,0.014,1023970,0,1023.97,0.014,0.005317477958795693
39049009497,94.97,White,8,0.19753966324820985,0.329,40498196,798640,40498.196,0.329,1.3444890003169586e-4
39049010402,104.02,White,8,2.2723341331002676,0.177,3520609,64386,3520.609,0.177,0.0015465897819008092
39049000110,1.10,White,7,3.570750857490313,0.022,1960372,17783,1960.372,0.022,0.002430314586866433
39049006391,63.91,White,7,1.0734294768334751,0.004,6521155,116491,6521.155,0.004,7.305946059071627e-4
39049008002,80.02,White,7,0.801340023683032,0.025,8735368,91128,8735.368,0.025,5.454058337650483e-4
39049006310,63.10,White,6,1.432585738465715,0.021,4188231,161516,4188.231,0.021,9.750425487756094e-4
39049980000,9800,Other,5,0.4440838089174871,NA,11259136,151421,11259.136,NA,3.0225109554743066e-4
39049010401,104.01,Other,4,1.5537516498900332,0.095,2574414,73588,2574.414,0.095,0.0010575101567712158
39049007306,73.06,White,3,0.4581539024480385,0.003,6548018,84525,6548.018,0.003,3.1182744374717814e-4
39049006236,62.36,White,2,0.30711134751860175,0.005,6512296,138518,6512.296,0.005,2.090252771629248e-4
39049006910,69.10,White,1,0.5624164108609359,0.016,1778042,45561,1778.042,0.016,3.827903042692486e-4
39049007958,79.58,White,1,0.25380343482340484,0.223,3940057,84281,3940.057,0.223,1.7274299285099256e-4
39049001121,11.21,White,0,0,0.283,900552,2724,900.552,0.283,0
